[
  {
    "id": "0000",
    "label": "0000 - ESCRITÓRIO (SÃO PAULO/SP)"
  },
  {
    "id": "0041",
    "label": "0041 - ARMAZÉM BARUERI (SÃO PAULO/SP)"
  },
  {
    "id": "0283",
    "label": "0283 - CAMPINAS (CAMPINAS/SP)"
  },
  {
    "id": "0374",
    "label": "0374 - MORUMBI (SÃO PAULO/SP)"
  },
  {
    "id": "0443",
    "label": "0443 - RAPOSO TAVARES (SÃO PAULO/SP)"
  },
  {
    "id": "0458",
    "label": "0458 - PRAIA GRANDE (PRAIA GRANDE/SP)"
  },
  {
    "id": "0494",
    "label": "0494 - LAR CENTER (CN) (SÃO PAULO/SP)"
  },
  {
    "id": "0542",
    "label": "0542 - CURITIBA (BARIGUI) (CURITIBA/PR)"
  },
  {
    "id": "0557",
    "label": "0557 - SOROCABA (SOROCABA/SP)"
  },
  {
    "id": "0574",
    "label": "0574 - SÃO BERNARDO (SÃO BERNARDO DO CAMPO/SP)"
  },
  {
    "id": "0668",
    "label": "0668 - SÃO JOSÉ (SÃO JOSÉ DOS CAMPOS/SP)"
  },
  {
    "id": "0673",
    "label": "0673 - FLORIANÓPOLIS (FLORIANÓPOLIS /SC)"
  },
  {
    "id": "0675",
    "label": "0675 - VENÂNCIO (BRASÍLIA/DF)"
  },
  {
    "id": "0741",
    "label": "0741 - BARRA DA TIJUCA (RIO DE JANEIRO/RJ)"
  },
  {
    "id": "0742",
    "label": "0742 - TORRES (CURITIBA/PR)"
  },
  {
    "id": "0744",
    "label": "0744 - SÃO JOSÉ DO RIO PRETO (SÃO JOSÉ DO RIO PRETO/SP)"
  },
  {
    "id": "0824",
    "label": "0824 - JOINVILLE (JOINVILLE/SC)"
  },
  {
    "id": "0825",
    "label": "0825 - GOIÁS (GOIÂNIA/GO)"
  },
  {
    "id": "0880",
    "label": "0880 - VILA VELHA (VILA VELHA/ES)"
  },
  {
    "id": "0938",
    "label": "0938 - BH NORTE (BELO HORIZONTE/MG)"
  },
  {
    "id": "0981",
    "label": "0981 - TAMBORÉ (SÃO PAULO/SP)"
  },
  {
    "id": "1388",
    "label": "1388 - ANÁLIA FRANCO (SÃO PAULO/SP)"
  },
  {
    "id": "1389",
    "label": "1389 - MARGINAL TIETÊ (SÃO PAULO/SP)"
  },
  {
    "id": "1390",
    "label": "1390 - IGUATEMI POA (NILO) (PORTO ALEGRE/RS)"
  },
  {
    "id": "1928",
    "label": "1928 - PAULISTA (SÃO PAULO/SP)"
  },
  {
    "id": "1929",
    "label": "1929 - PRAIA DE BELAS (PORTO ALEGRE/RS)"
  },
  {
    "id": "2334",
    "label": "2334 - JUNDIAÍ (JUNDIAÍ/SP)"
  },
  {
    "id": "2335",
    "label": "2335 - BH SUL (BELO HORIZONTE/MG)"
  },
  {
    "id": "2336",
    "label": "2336 - BRASÍLIA PARK PREMIUM (BRASÍLIA/DF)"
  },
  {
    "id": "2360",
    "label": "2360 - OSASCO (OSASCO/SP)"
  },
  {
    "id": "2448",
    "label": "2448 - DOM PEDRO (CAMPINAS/SP)"
  },
  {
    "id": "2460",
    "label": "2460 - MARINGÁ (MARINGÁ/PR)"
  },
  {
    "id": "2559",
    "label": "2559 - PIRACICABA (PIRACICABA/SP)"
  },
  {
    "id": "2560",
    "label": "2560 - PLAZA NITERÓI (NITERÓI/RJ)"
  },
  {
    "id": "2620",
    "label": "2620 - CANOAS (CANOAS/RS)"
  },
  {
    "id": "2621",
    "label": "2621 - RIBEIRÃO SHOPPING (RIBEIRÃO PRETO/SP)"
  },
  {
    "id": "2622",
    "label": "2622 - SP MARKET (SÃO PAULO/SP)"
  },
  {
    "id": "2625",
    "label": "2625 - SHOPPING ABC (SANTO ANDRÉ/SP)"
  },
  {
    "id": "2709",
    "label": "2709 - GOIÂNIA SH (BRETAS) (GOIÂNIA/GO)"
  },
  {
    "id": "2722",
    "label": "2722 - CONTINENTE SHOPPING (SÃO JOSÉ /SC)"
  },
  {
    "id": "2724",
    "label": "2724 - LEBLON (RIO DE JANEIRO/RJ)"
  },
  {
    "id": "2725",
    "label": "2725 - CONTAGEM (CONTAGEM/MG)"
  },
  {
    "id": "2726",
    "label": "2726 - CAXIAS DO SUL (CAXIAS DO SUL/RS)"
  },
  {
    "id": "2727",
    "label": "2727 - RIOMAR FORTALEZA (FORTALEZA/CE)"
  },
  {
    "id": "2728",
    "label": "2728 - SHOPPING RECIFE (RECIFE/PE)"
  },
  {
    "id": "2729",
    "label": "2729 - RECIFE RIOMAR (RECIFE/PE)"
  },
  {
    "id": "2730",
    "label": "2730 - SALVADOR SH (SALVADOR/BA)"
  },
  {
    "id": "3020",
    "label": "3020 - TIJUCA (RIO DE JANEIRO/RJ)"
  },
  {
    "id": "3021",
    "label": "3021 - UBERLÂNDIA (UBERLÂNDIA/MG)"
  },
  {
    "id": "3023",
    "label": "3023 - ARACAJU (ARACAJU/SE)"
  },
  {
    "id": "3024",
    "label": "3024 - LONDRINA (LONDRINA/PR)"
  },
  {
    "id": "3401",
    "label": "3401 - RICARDO JAFET (SÃO PAULO/SP)"
  }
]